table_name,data_type,identifier,table_description,column_name,ordinal_position,column_type,not_null,default_value,primary_key,geometry_type,srs_id,z,m,data_column_name,column_title,column_description,mime_type,constraint_name
divides,features,divides,,fid,0,INTEGER,1,,1,,,,,,,,,
divides,features,divides,,geom,1,MULTIPOLYGON,0,,0,MULTIPOLYGON,5070,0,0,,,,,
divides,features,divides,,divide_id,2,REAL,0,,0,,,,,,,,,
divides,features,divides,,areasqkm,3,REAL,0,,0,,,,,,,,,
divides,features,divides,,has_flowpath,4,BOOLEAN,0,,0,,,,,,,,,
divides,features,divides,,flowpath_id,5,REAL,0,,0,,,,,,,,,
divides,features,divides,,vpuid,6,TEXT,0,,0,,,,,,,,,
flowpaths,features,flowpaths,,fid,0,INTEGER,1,,1,,,,,,,,,
flowpaths,features,flowpaths,,geom,1,MULTILINESTRING,0,,0,MULTILINESTRING,5070,0,0,,,,,
flowpaths,features,flowpaths,,flowpath_id,2,REAL,0,,0,,,,,,,,,
flowpaths,features,flowpaths,,reachcode,3,TEXT,0,,0,,,,,,,,,
flowpaths,features,flowpaths,,frommeas,4,REAL,0,,0,,,,,,,,,
flowpaths,features,flowpaths,,tomeas,5,REAL,0,,0,,,,,,,,,
flowpaths,features,flowpaths,,burnline_event,6,BOOLEAN,0,,0,,,,,,,,,
flowpaths,features,flowpaths,,reversed,7,BOOLEAN,0,,0,,,,,,,,,
flowpaths,features,flowpaths,,source,8,TEXT,0,,0,,,,,,,,,
flowpaths,features,flowpaths,,flowpath_toid,9,REAL,0,,0,,,,,,,,,
flowpaths,features,flowpaths,,lengthkm,10,REAL,0,,0,,,,,,,,,
flowpaths,features,flowpaths,,areasqkm,11,REAL,0,,0,,,,,,,,,
flowpaths,features,flowpaths,,totdasqkm,12,REAL,0,,0,,,,,,,,,
flowpaths,features,flowpaths,,terminalpa,13,REAL,0,,0,,,,,,,,,
flowpaths,features,flowpaths,,dnhydroseq,14,REAL,0,,0,,,,,,,,,
flowpaths,features,flowpaths,,hydroseq,15,REAL,0,,0,,,,,,,,,
flowpaths,features,flowpaths,,mainstemlp,16,REAL,0,,0,,,,,,,,,
flowpaths,features,flowpaths,,dnlevelpat,17,REAL,0,,0,,,,,,,,,
flowpaths,features,flowpaths,,pathlength,18,REAL,0,,0,,,,,,,,,
flowpaths,features,flowpaths,,terminalfl,19,REAL,0,,0,,,,,,,,,
flowpaths,features,flowpaths,,streamorder,20,REAL,0,,0,,,,,,,,,
flowpaths,features,flowpaths,,startflag,21,REAL,0,,0,,,,,,,,,
flowpaths,features,flowpaths,,outlet_X,22,REAL,0,,0,,,,,,,,,
flowpaths,features,flowpaths,,outlet_Y,23,REAL,0,,0,,,,,,,,,
flowpaths,features,flowpaths,,has_divide,24,BOOLEAN,0,,0,,,,,,,,,
flowpaths,features,flowpaths,,divide_id,25,REAL,0,,0,,,,,,,,,
flowpaths,features,flowpaths,,vpuid,26,TEXT,0,,0,,,,,,,,,
hydrolocations,features,hydrolocations,,fid,0,INTEGER,1,,1,,,,,,,,,
hydrolocations,features,hydrolocations,,geom,1,POINT,0,,0,POINT,5070,0,0,,,,,
hydrolocations,features,hydrolocations,,flowpath_id,2,REAL,0,,0,,,,,,,,,
hydrolocations,features,hydrolocations,,poi_id,3,MEDIUMINT,0,,0,,,,,,,,,
hydrolocations,features,hydrolocations,,hl_id,4,MEDIUMINT,0,,0,,,,,,,,,
hydrolocations,features,hydrolocations,,hl_link,5,TEXT,0,,0,,,,,,,,,
hydrolocations,features,hydrolocations,,hl_type,6,TEXT,0,,0,,,,,,,,,
hydrolocations,features,hydrolocations,,hl_reference,7,TEXT,0,,0,,,,,,,,,
hydrolocations,features,hydrolocations,,hl_class,8,TEXT,0,,0,,,,,,,,,
hydrolocations,features,hydrolocations,,hl_source,9,TEXT,0,,0,,,,,,,,,
hydrolocations,features,hydrolocations,,hl_uri,10,TEXT,0,,0,,,,,,,,,
hydrolocations,features,hydrolocations,,pathmeas,11,REAL,0,,0,,,,,,,,,
hydrolocations,features,hydrolocations,,reachmeas,12,REAL,0,,0,,,,,,,,,
networks,attributes,networks,,fid,0,INTEGER,1,,1,,,,,,,,,
networks,attributes,networks,,flowpath_id,1,REAL,0,,0,,,,,,,,,
networks,attributes,networks,,flowpath_toid,2,REAL,0,,0,,,,,,,,,
networks,attributes,networks,,divide_id,3,REAL,0,,0,,,,,,,,,
networks,attributes,networks,,hl_id,4,MEDIUMINT,0,,0,,,,,,,,,
networks,attributes,networks,,poi_id,5,MEDIUMINT,0,,0,,,,,,,,,
networks,attributes,networks,,hf_id,6,REAL,0,,0,,,,,,,,,
networks,attributes,networks,,hl_reference,7,TEXT,0,,0,,,,,,,,,
networks,attributes,networks,,hl_uri,8,TEXT,0,,0,,,,,,,,,
networks,attributes,networks,,mainstemlp,9,REAL,0,,0,,,,,,,,,
networks,attributes,networks,,lengthkm,10,REAL,0,,0,,,,,,,,,
networks,attributes,networks,,streamorder,11,REAL,0,,0,,,,,,,,,
networks,attributes,networks,,totdasqkm,12,REAL,0,,0,,,,,,,,,
networks,attributes,networks,,hydroseq,13,REAL,0,,0,,,,,,,,,
networks,attributes,networks,,type,14,TEXT,0,,0,,,,,,,,,
networks,attributes,networks,,topo,15,TEXT,0,,0,,,,,,,,,
networks,attributes,networks,,hl_link,16,TEXT,0,,0,,,,,,,,,
networks,attributes,networks,,hl_type,17,TEXT,0,,0,,,,,,,,,
networks,attributes,networks,,hl_class,18,TEXT,0,,0,,,,,,,,,
networks,attributes,networks,,hl_source,19,TEXT,0,,0,,,,,,,,,
networks,attributes,networks,,pathmeas,20,REAL,0,,0,,,,,,,,,
networks,attributes,networks,,reachmeas,21,REAL,0,,0,,,,,,,,,
pois,features,pois,,fid,0,INTEGER,1,,1,,,,,,,,,
pois,features,pois,,geom,1,POINT,0,,0,POINT,5070,0,0,,,,,
pois,features,pois,,poi_id,2,MEDIUMINT,0,,0,,,,,,,,,
pois,features,pois,,flowpath_id,3,REAL,0,,0,,,,,,,,,
pois,features,pois,,hl_count,4,MEDIUMINT,0,,0,,,,,,,,,
pois,features,pois,,hl_classes,5,TEXT,0,,0,,,,,,,,,
pois,features,pois,,hl_types,6,TEXT,0,,0,,,,,,,,,
pois,features,pois,,pathmeas,7,REAL,0,,0,,,,,,,,,
pois,features,pois,,pathdist,8,REAL,0,,0,,,,,,,,,
pois,features,pois,,vpuid,9,TEXT,0,,0,,,,,,,,,
